system:index,Image+_Date,2BDA,3BDA,AreaSqKm,CI,Date,FLHV,Lake,Lake No,Longitude,NDCI,OC2,OC3,.geo
LC08_068013_20160603_17,6/3/16,0.698529412,0.038961039,0.593,-0.01347188,40710,0.0012,YF20,16,-145.774929,-0.177489177,0.922077922,0.922077922,"{""geodesic"":true,""type"":""Point"",""coordinates"":[-145.774929,66.637751]}"
LC08_068013_20160603_10,6/3/16,0.564102564,-0.075757576,0.68,-0.01041752,40707,0.0035,YF03,9,-145.691556,-0.278688525,0.734848485,0.810606061,"{""geodesic"":true,""type"":""Point"",""coordinates"":[-145.691556,66.65232]}"
LC08_068013_20160603_13,6/3/16,0.608108108,0.117021277,0.79,-0.00789866,41165.45139,7.00E-04,YF09,12,-145.7015556,-0.243697479,0.925531915,0.904255319,"{""geodesic"":true,""type"":""Point"",""coordinates"":[-145.7015556,66.707]}"
LC08_068013_20160603_22,6/3/16,0.654545455,0.2,3.413,-0.0055974,40710,0.0031,Twelvemile Lake,21,-145.54564,-0.208791209,0.655555556,0.811111111,"{""geodesic"":true,""type"":""Point"",""coordinates"":[-145.54564,66.44966]}"
LC08_068013_20160603_21,6/3/16,0.849056604,0.247058824,1.17,-0.00594715,41167.39583,0.0017,Buddy Lake,20,-145.44285,-0.081632653,0.8,0.870588235,"{""geodesic"":true,""type"":""Point"",""coordinates"":[-145.44285,66.43065]}"
LC08_068013_20160603_25,6/3/16,0.465116279,0.052238806,1.164,-0.00783426,40711,0.0059,YF02,24,-145.866087,-0.365079365,0.559701493,0.694029851,"{""geodesic"":true,""type"":""Point"",""coordinates"":[-145.866087,66.538895]}"
LC08_068013_20160603_8,6/3/16,0.892857143,0.195804196,0.268,-0.00849975,40707,0.0052,YF04,7,-146.186808,-0.056603774,0.636363636,0.783216783,"{""geodesic"":true,""type"":""Point"",""coordinates"":[-146.186808,66.501153]}"
LC08_068013_20160603_18,6/3/16,0.774647887,0.074468085,1.627,-0.00706464,40711,0.0021,YF08,17,-145.558603,-0.126984127,0.776595745,0.829787234,"{""geodesic"":true,""type"":""Point"",""coordinates"":[-145.558603,66.703426]}"
LC08_068013_20160603_11,6/3/16,0.683333333,0.307692308,1.625,-0.00731441,41165.40625,2.00E-04,YF18,10,-145.7885278,-0.188118812,0.978021978,0.967032967,"{""geodesic"":true,""type"":""Point"",""coordinates"":[-145.7885278,66.7845]}"
LC08_068013_20160705_17,7/5/16,0.594594595,-0.06185567,0.593,-0.00908334,40710,0.0116,YF20,16,-145.774929,-0.254237288,0.402061856,0.510309278,"{""geodesic"":true,""type"":""Point"",""coordinates"":[-145.774929,66.637751]}"
LC08_068013_20160705_10,7/5/16,0.494505495,-0.131944444,0.68,-0.00694408,40707,0.0092,YF03,9,-145.691556,-0.338235294,0.361111111,0.5,"{""geodesic"":true,""type"":""Point"",""coordinates"":[-145.691556,66.65232]}"
LC08_068013_20160705_13,7/5/16,0.712643678,-0.031746032,0.79,-0.00770092,41165.45139,0.0055,YF09,12,-145.7015556,-0.167785235,0.563492063,0.658730159,"{""geodesic"":true,""type"":""Point"",""coordinates"":[-145.7015556,66.707]}"
LC08_068013_20160705_25,7/5/16,0.265151515,-0.004608295,1.164,-0.01157486,40711,0.0107,YF02,24,-145.866087,-0.580838323,0.506912442,0.603686636,"{""geodesic"":true,""type"":""Point"",""coordinates"":[-145.866087,66.538895]}"
LC08_068013_20160705_18,7/5/16,2.3,0.301587302,1.627,-0.00241913,40711,0.0034,YF08,17,-145.558603,0.393939394,0.46031746,0.619047619,"{""geodesic"":true,""type"":""Point"",""coordinates"":[-145.558603,66.703426]}"
LC08_068013_20160806_17,7/5/16,0.419847328,0.211055276,0.593,-0.01469106,40710,0.0024,YF20,16,-145.774929,-0.408602151,0.879396985,0.869346734,"{""geodesic"":true,""type"":""Point"",""coordinates"":[-145.774929,66.637751]}"
LC08_068013_20160806_10,7/5/16,0.508928571,0.273743017,0.68,-0.01388448,40707,3.00E-04,YF03,9,-145.691556,-0.325443787,0.983240223,0.899441341,"{""geodesic"":true,""type"":""Point"",""coordinates"":[-145.691556,66.65232]}"
LC08_068013_20160806_13,7/5/16,0.928571429,-0.017699115,0.79,-0.01632708,41165.45139,0.0052,YF09,12,-145.7015556,-0.037037037,0.769911504,0.725663717,"{""geodesic"":true,""type"":""Point"",""coordinates"":[-145.7015556,66.707]}"
LC08_068013_20160806_22,7/5/16,0.402985075,0.248730964,3.413,-0.01637823,40710,-1.00E-03,Twelvemile Lake,21,-145.54564,-0.425531915,1.050761421,0.92893401,"{""geodesic"":true,""type"":""Point"",""coordinates"":[-145.54564,66.44966]}"
LC08_068013_20160806_21,7/5/16,0.617283951,0.639705882,1.17,-0.013376,41167.39583,-0.0058,Buddy Lake,20,-145.44285,-0.236641221,1.426470588,1.235294118,"{""geodesic"":true,""type"":""Point"",""coordinates"":[-145.44285,66.43065]}"
LC08_068013_20160806_25,7/5/16,0.370786517,0.180722892,1.164,-0.01943159,40711,0.0018,YF02,24,-145.866087,-0.459016393,0.927710843,0.895582329,"{""geodesic"":true,""type"":""Point"",""coordinates"":[-145.866087,66.538895]}"
LC08_068013_20160806_18,7/5/16,0.476190476,0.075471698,1.627,-0.01253819,40711,0.0026,YF08,17,-145.558603,-0.35483871,0.836477987,0.867924528,"{""geodesic"":true,""type"":""Point"",""coordinates"":[-145.558603,66.703426]}"
LC08_068013_20160806_11,7/5/16,0.678571429,0.431818182,1.625,-0.01173188,41165.40625,-0.0025,YF18,10,-145.7885278,-0.191489362,1.189393939,1.068181818,"{""geodesic"":true,""type"":""Point"",""coordinates"":[-145.7885278,66.7845]}"
LC08_068013_20160907_17,9/7/16,0.291428571,-0.267532468,0.593,-0.02487485,40710,0.0196,YF20,16,-145.774929,-0.548672566,0.490909091,0.641558442,"{""geodesic"":true,""type"":""Point"",""coordinates"":[-145.774929,66.637751]}"
LC08_068013_20160907_10,9/7/16,0.480769231,0.064935065,0.68,-0.00959508,40707,0.006,YF03,9,-145.691556,-0.350649351,0.61038961,0.74025974,"{""geodesic"":true,""type"":""Point"",""coordinates"":[-145.691556,66.65232]}"
LC08_068013_20160907_13,9/7/16,0.488372093,0.283950617,0.79,-0.00555847,41165.45139,0.0011,YF09,12,-145.7015556,-0.34375,0.864197531,0.814814815,"{""geodesic"":true,""type"":""Point"",""coordinates"":[-145.7015556,66.707]}"
LC08_068013_20160907_22,9/7/16,0.987068966,0.003649635,3.413,-0.021267,40710,0.0056,Twelvemile Lake,21,-145.54564,-0.006507592,0.795620438,0.850364964,"{""geodesic"":true,""type"":""Point"",""coordinates"":[-145.54564,66.44966]}"
LC08_068013_20160907_21,9/7/16,1.117647059,0.094170404,1.17,-0.01843922,41167.39583,0.0024,Buddy Lake,20,-145.44285,0.055555556,0.892376682,0.932735426,"{""geodesic"":true,""type"":""Point"",""coordinates"":[-145.44285,66.43065]}"
LC08_068013_20160907_25,9/7/16,0.533057851,-0.170347003,1.164,-0.01943445,40711,0.0144,YF02,24,-145.866087,-0.30458221,0.545741325,0.593059937,"{""geodesic"":true,""type"":""Point"",""coordinates"":[-145.866087,66.538895]}"
LC08_068013_20160907_8,9/7/16,1.265734266,0.187845304,0.268,-0.01522804,40707,8.00E-04,YF04,7,-146.186808,0.117283951,0.955801105,0.977900552,"{""geodesic"":true,""type"":""Point"",""coordinates"":[-146.186808,66.501153]}"
LC08_068013_20160907_18,9/7/16,0.547169811,0.290697674,1.627,-0.00550368,40711,0.0027,YF08,17,-145.558603,-0.292682927,0.686046512,0.906976744,"{""geodesic"":true,""type"":""Point"",""coordinates"":[-145.558603,66.703426]}"
LC08_068013_20160907_11,9/7/16,0.421686747,0.109243697,1.625,-0.00863937,41165.40625,0.0025,YF18,10,-145.7885278,-0.406779661,0.789915966,0.806722689,"{""geodesic"":true,""type"":""Point"",""coordinates"":[-145.7885278,66.7845]}"
LC08_068014_20160907_22,9/7/16,0.946938776,0.117845118,3.413,-0.02497293,40710,0.0011,Twelvemile Lake,21,-145.54564,-0.027253669,0.962962963,0.942760943,"{""geodesic"":true,""type"":""Point"",""coordinates"":[-145.54564,66.44966]}"
LC08_068014_20160907_21,9/7/16,1.075757576,0.240816327,1.17,-0.0223485,41167.39583,-0.0027,Buddy Lake,20,-145.44285,0.03649635,1.110204082,1.048979592,"{""geodesic"":true,""type"":""Point"",""coordinates"":[-145.44285,66.43065]}"
LC08_068014_20160907_25,9/7/16,0.533864542,-0.032738095,1.164,-0.02327336,40711,0.0088,YF02,24,-145.866087,-0.303896104,0.738095238,0.714285714,"{""geodesic"":true,""type"":""Point"",""coordinates"":[-145.866087,66.538895]}"
LC08_068014_20160907_8,9/7/16,1.259259259,0.301675978,0.268,-0.01537899,40707,-5.00E-04,YF04,7,-146.186808,0.114754098,1.027932961,1.055865922,"{""geodesic"":true,""type"":""Point"",""coordinates"":[-146.186808,66.501153]}"
LC08_068014_20160907_7,9/7/16,0.813084112,0.379084967,2.832,-0.01391089,40710,-0.0027,Canvasback Lake,6,-146.358557,-0.103092784,1.176470588,1.078431373,"{""geodesic"":true,""type"":""Point"",""coordinates"":[-146.358557,66.384025]}"
LC08_068014_20160907_3,9/7/16,0.681818182,0.692307692,0.781,-0.00777676,40711,-0.0036,Abraham Lake,2,-146.719589,-0.189189189,1.461538462,1.256410256,"{""geodesic"":true,""type"":""Point"",""coordinates"":[-146.719589,66.188766]}"
LC08_068014_20160907_15,9/7/16,0.358333333,0.106481481,3.331,-0.01152944,40345,0.0095,Ninemile Lake,14,-146.660943,-0.472392638,0.560185185,0.662037037,"{""geodesic"":true,""type"":""Point"",""coordinates"":[-146.660943,66.185801]}"
LC08_068014_20160907_9,9/7/16,0.342105263,0.267175573,4.555,-0.00983538,40710,5.00E-04,Scoter Lake,8,-146.411736,-0.490196078,0.961832061,0.847328244,"{""geodesic"":true,""type"":""Point"",""coordinates"":[-146.411736,66.235088]}"
LC08_068014_20160907_6,9/7/16,0.675,0.636363636,0.734,-0.00644913,40710,-0.0014,Boot Lake,5,-146.27048,-0.194029851,1.181818182,1.155844156,"{""geodesic"":true,""type"":""Point"",""coordinates"":[-146.27048,66.07318]}"
LC08_068014_20160907_20,9/7/16,0.587378641,-0.132575758,0.988,-0.01771264,41167.44097,0.0096,Thumb Lake,19,-146.144,-0.259938838,0.636363636,0.647727273,"{""geodesic"":true,""type"":""Point"",""coordinates"":[-146.144,66.17525]}"
LC08_068014_20160907_16,9/7/16,0.705882353,0.787234043,0.501,-0.00450723,41167.5625,-0.0027,West Crazy Lake,15,-146.596,-0.172413793,1.574468085,1.14893617,"{""geodesic"":true,""type"":""Point"",""coordinates"":[-146.596,65.9286111]}"
LC08_068014_20160907_4,9/7/16,0.405405405,0.234899329,0.967,-0.00781011,40342,0.0062,Greenpepper Lake,3,-146.731136,-0.423076923,0.583892617,0.731543624,"{""geodesic"":true,""type"":""Point"",""coordinates"":[-146.731136,66.095279]}"
LC08_069013_20160610_17,6/10/16,0.409090909,-0.254237288,0.593,-0.01355263,40710,0.0072,YF20,16,-145.774929,-0.419354839,0.593220339,0.740112994,"{""geodesic"":true,""type"":""Point"",""coordinates"":[-145.774929,66.637751]}"
LC08_069013_20160610_10,6/10/16,0.522058824,-0.124137931,0.68,-0.0113607,40707,0.0047,YF03,9,-145.691556,-0.314009662,0.675862069,0.813793103,"{""geodesic"":true,""type"":""Point"",""coordinates"":[-145.691556,66.65232]}"
LC08_069013_20160610_13,6/10/16,0.731707317,0.166666667,0.79,-0.0085715,41165.45139,9.00E-04,YF09,12,-145.7015556,-0.154929577,0.911764706,0.970588235,"{""geodesic"":true,""type"":""Point"",""coordinates"":[-145.7015556,66.707]}"
LC08_069013_20160610_22,6/10/16,0.794871795,0.185185185,3.413,-0.0083164,40710,0.0016,Twelvemile Lake,21,-145.54564,-0.114285714,0.851851852,0.907407407,"{""geodesic"":true,""type"":""Point"",""coordinates"":[-145.54564,66.44966]}"
LC08_069013_20160610_21,6/10/16,0.930555556,0.20754717,1.17,-0.00822192,41167.39583,1.00E-03,Buddy Lake,20,-145.44285,-0.035971223,0.905660377,0.886792453,"{""geodesic"":true,""type"":""Point"",""coordinates"":[-145.44285,66.43065]}"
LC08_069013_20160610_25,6/10/16,0.567307692,0.097222222,1.164,-0.00976056,40711,0.0047,YF02,24,-145.866087,-0.27607362,0.673611111,0.819444444,"{""geodesic"":true,""type"":""Point"",""coordinates"":[-145.866087,66.538895]}"
LC08_069013_20160610_8,6/10/16,0.868421053,0.149425287,0.268,-0.012065,40707,0.0038,YF04,7,-146.186808,-0.070422535,0.781609195,0.804597701,"{""geodesic"":true,""type"":""Point"",""coordinates"":[-146.186808,66.501153]}"
LC08_069013_20160610_7,6/10/16,0.616071429,0.106666667,2.832,-0.0114945,40710,0.0025,Canvasback Lake,6,-146.358557,-0.237569061,0.833333333,0.853333333,"{""geodesic"":true,""type"":""Point"",""coordinates"":[-146.358557,66.384025]}"
LC08_069013_20160610_12,6/10/16,0.43627451,-0.203065134,1.746,-0.01620738,40711,0.0123,YF17,11,-146.267024,-0.392491468,0.528735632,0.578544061,"{""geodesic"":true,""type"":""Point"",""coordinates"":[-146.267024,66.320636]}"
LC08_069013_20160610_9,6/10/16,0.855263158,0.245762712,4.555,-0.00947108,40710,-1.73E-18,Scoter Lake,8,-146.411736,-0.078014184,1,0.889830508,"{""geodesic"":true,""type"":""Point"",""coordinates"":[-146.411736,66.235088]}"
LC08_069013_20160610_20,6/10/16,0.85,0.030612245,0.988,-0.00696084,41167.44097,0.0036,Thumb Lake,19,-146.144,-0.081081081,0.632653061,0.846938776,"{""geodesic"":true,""type"":""Point"",""coordinates"":[-146.144,66.17525]}"
LC08_069013_20160610_18,6/10/16,0.842857143,0.217391304,1.627,-0.00731292,40711,0.0013,YF08,17,-145.558603,-0.085271318,0.858695652,0.97826087,"{""geodesic"":true,""type"":""Point"",""coordinates"":[-145.558603,66.703426]}"
LC08_069013_20160610_11,6/10/16,0.614583333,0.092436975,1.625,-0.00985962,41165.40625,0.0013,YF18,10,-145.7885278,-0.238709677,0.890756303,0.899159664,"{""geodesic"":true,""type"":""Point"",""coordinates"":[-145.7885278,66.7845]}"
LC08_069013_20160626_17,6/26/16,0.4,-0.165625,0.593,-0.0183456,40710,0.0168,YF20,16,-145.774929,-0.428571429,0.475,0.584375,"{""geodesic"":true,""type"":""Point"",""coordinates"":[-145.774929,66.637751]}"
LC08_069013_20160626_10,6/26/16,0.503597122,-0.054545455,0.68,-0.01261935,40707,0.0043,YF03,9,-145.691556,-0.330143541,0.739393939,0.787878788,"{""geodesic"":true,""type"":""Point"",""coordinates"":[-145.691556,66.65232]}"
LC08_069013_20160626_13,6/26/16,0.59375,0.104347826,0.79,-0.0095746,41165.45139,0.0015,YF09,12,-145.7015556,-0.254901961,0.869565217,0.939130435,"{""geodesic"":true,""type"":""Point"",""coordinates"":[-145.7015556,66.707]}"
LC08_069013_20160626_22,6/26/16,0.835820896,0.309090909,3.413,-0.0082152,40710,9.00E-04,Twelvemile Lake,21,-145.54564,-0.089430894,0.918181818,0.918181818,"{""geodesic"":true,""type"":""Point"",""coordinates"":[-145.54564,66.44966]}"
LC08_069013_20160626_21,6/26/16,1.052631579,0.384615385,1.17,-0.00755986,41167.39583,-6.00E-04,Buddy Lake,20,-145.44285,0.025641026,1.065934066,1.010989011,"{""geodesic"":true,""type"":""Point"",""coordinates"":[-145.44285,66.43065]}"
LC08_069013_20160626_25,6/26/16,0.491071429,0.103448276,1.164,-0.01090676,40711,0.006,YF02,24,-145.866087,-0.341317365,0.655172414,0.747126437,"{""geodesic"":true,""type"":""Point"",""coordinates"":[-145.866087,66.538895]}"
LC08_069013_20160626_8,6/26/16,1.020408163,0.223463687,0.268,-0.01099188,40707,0.0049,YF04,7,-146.186808,0.01010101,0.726256983,0.770949721,"{""geodesic"":true,""type"":""Point"",""coordinates"":[-146.186808,66.501153]}"
LC08_069013_20160626_7,6/26/16,0.885057471,0.35,2.832,-0.010935,40710,2.00E-04,Canvasback Lake,6,-146.358557,-0.06097561,0.985714286,0.971428571,"{""geodesic"":true,""type"":""Point"",""coordinates"":[-146.358557,66.384025]}"
LC08_069013_20160626_12,6/26/16,0.948717949,-0.076,1.746,-0.0168625,40711,0.009,YF17,11,-146.267024,-0.026315789,0.64,0.704,"{""geodesic"":true,""type"":""Point"",""coordinates"":[-146.267024,66.320636]}"
LC08_069013_20160626_9,6/26/16,0.784810127,0.358778626,4.555,-0.009738,40710,1.00E-03,Scoter Lake,8,-146.411736,-0.120567376,0.923664122,0.961832061,"{""geodesic"":true,""type"":""Point"",""coordinates"":[-146.411736,66.235088]}"
LC08_069013_20160626_20,6/26/16,0.51497006,-0.144444444,0.988,-0.014219,41167.44097,0.0052,Thumb Lake,19,-146.144,-0.320158103,0.711111111,0.783333333,"{""geodesic"":true,""type"":""Point"",""coordinates"":[-146.144,66.17525]}"
LC08_069013_20160626_18,6/26/16,0.895522388,0.294117647,1.627,-0.0080817,40711,4.00E-04,YF08,17,-145.558603,-0.05511811,0.960784314,0.950980392,"{""geodesic"":true,""type"":""Point"",""coordinates"":[-145.558603,66.703426]}"
LC08_069013_20160626_11,6/26/16,0.833333333,0.354545455,1.625,-0.0090954,41165.40625,-4.00E-04,YF18,10,-145.7885278,-0.090909091,1.036363636,1.009090909,"{""geodesic"":true,""type"":""Point"",""coordinates"":[-145.7885278,66.7845]}"
LC08_069013_20160712_17,7/12/16,0.277992278,-0.201807229,0.593,-0.01829856,40710,0.0199,YF20,16,-145.774929,-0.564954683,0.40060241,0.578313253,"{""geodesic"":true,""type"":""Point"",""coordinates"":[-145.774929,66.637751]}"
LC08_069013_20160712_10,7/12/16,0.461538462,-0.055837563,0.68,-0.01167129,40707,0.0097,YF03,9,-145.691556,-0.368421053,0.507614213,0.670050761,"{""geodesic"":true,""type"":""Point"",""coordinates"":[-145.691556,66.65232]}"
LC08_069013_20160712_13,7/12/16,0.553719008,-0.090277778,0.79,-0.00985768,41165.45139,0.0062,YF09,12,-145.7015556,-0.287234043,0.569444444,0.75,"{""geodesic"":true,""type"":""Point"",""coordinates"":[-145.7015556,66.707]}"
LC08_069013_20160712_22,7/12/16,0.666666667,0.042372881,3.413,-0.00766474,40710,0.0042,Twelvemile Lake,21,-145.54564,-0.2,0.644067797,0.728813559,"{""geodesic"":true,""type"":""Point"",""coordinates"":[-145.54564,66.44966]}"
LC08_069013_20160712_21,7/12/16,1.295454545,0.3,1.17,-0.0054723,41167.39583,3.00E-04,Buddy Lake,20,-145.44285,0.128712871,0.957142857,0.928571429,"{""geodesic"":true,""type"":""Point"",""coordinates"":[-145.44285,66.43065]}"
LC08_069013_20160712_25,7/12/16,0.455782313,-0.12565445,1.164,-0.01158969,40711,0.0097,YF02,24,-145.866087,-0.373831776,0.492146597,0.643979058,"{""geodesic"":true,""type"":""Point"",""coordinates"":[-145.866087,66.538895]}"
LC08_069013_20160712_8,7/12/16,1.127272727,0.101190476,0.268,-0.0113552,40707,0.0043,YF04,7,-146.186808,0.05982906,0.744047619,0.755952381,"{""geodesic"":true,""type"":""Point"",""coordinates"":[-146.186808,66.501153]}"
LC08_069013_20160712_7,7/12/16,0.93220339,0.27,2.832,-0.00686,40710,0.0019,Canvasback Lake,6,-146.358557,-0.035087719,0.81,0.86,"{""geodesic"":true,""type"":""Point"",""coordinates"":[-146.358557,66.384025]}"
LC08_069013_20160712_9,7/12/16,0.915254237,0.294642857,4.555,-0.00718536,40710,0.0024,Scoter Lake,8,-146.411736,-0.044247788,0.785714286,0.821428571,"{""geodesic"":true,""type"":""Point"",""coordinates"":[-146.411736,66.235088]}"
LC08_069013_20160712_20,7/12/16,0.496688742,-0.366459627,0.988,-0.01088775,41167.44097,0.0087,Thumb Lake,19,-146.144,-0.336283186,0.459627329,0.571428571,"{""geodesic"":true,""type"":""Point"",""coordinates"":[-146.144,66.17525]}"
LC08_069013_20160712_18,7/12/16,0.897058824,0.131868132,1.627,-0.00672533,40711,0.0022,YF08,17,-145.558603,-0.054263566,0.758241758,0.879120879,"{""geodesic"":true,""type"":""Point"",""coordinates"":[-145.558603,66.703426]}"
LC08_069013_20160712_11,7/12/16,0.841269841,0.284210526,1.625,-0.0074556,41165.40625,6.00E-04,YF18,10,-145.7885278,-0.086206897,0.936842105,0.947368421,"{""geodesic"":true,""type"":""Point"",""coordinates"":[-145.7885278,66.7845]}"
LC08_069013_20160813_10,8/13/06,1.711009174,0.05904059,0.68,-0.02085489,40707,0.0048,YF03,9,-145.691556,0.262267343,0.822878229,0.863468635,"{""geodesic"":true,""type"":""Point"",""coordinates"":[-145.691556,66.65232]}"
LC08_069013_20160813_22,8/13/06,1.034482759,-0.025974026,3.413,-0.00497223,40710,0.0034,Twelvemile Lake,21,-145.54564,0.016949153,0.558441558,0.727272727,"{""geodesic"":true,""type"":""Point"",""coordinates"":[-145.54564,66.44966]}"
LC08_069013_20160813_21,8/13/06,1.180327869,0.058139535,1.17,-0.0056511,41167.39583,0.0032,Buddy Lake,20,-145.44285,0.082706767,0.627906977,0.76744186,"{""geodesic"":true,""type"":""Point"",""coordinates"":[-145.44285,66.43065]}"
LC08_069013_20160813_20,8/13/06,1.024464832,-0.033707865,0.988,-0.02907144,41167.44097,0.0057,Thumb Lake,19,-146.144,0.012084592,0.83988764,0.884831461,"{""geodesic"":true,""type"":""Point"",""coordinates"":[-146.144,66.17525]}"
LC08_069013_20160813_18,8/13/06,0.488188976,-0.31884058,1.627,-0.00870298,40711,0.0086,YF08,17,-145.558603,-0.343915344,0.376811594,0.601449275,"{""geodesic"":true,""type"":""Point"",""coordinates"":[-145.558603,66.703426]}"
LC08_069013_20160829_22,8/29/16,1.356643357,-0.392638037,3.413,-0.00894845,40710,0.0121,Twelvemile Lake,21,-145.54564,0.151335312,0.257668712,0.484662577,"{""geodesic"":true,""type"":""Point"",""coordinates"":[-145.54564,66.44966]}"
LC08_069013_20160829_9,8/29/16,0.966101695,-0.126506024,4.555,-0.0094263,40710,0.0089,Scoter Lake,8,-146.411736,-0.017241379,0.463855422,0.584337349,"{""geodesic"":true,""type"":""Point"",""coordinates"":[-146.411736,66.235088]}"
LC08_069013_20160829_20,8/29/16,0.833333333,-0.590909091,0.988,-0.0060575,41167.44097,0.0161,Thumb Lake,19,-146.144,-0.090909091,-0.045454545,0.266233766,"{""geodesic"":true,""type"":""Point"",""coordinates"":[-146.144,66.17525]}"
LC08_069013_20160829_11,8/29/16,1.391304348,-0.124324324,1.625,-0.0126153,41165.40625,0.0084,YF18,10,-145.7885278,0.163636364,0.545945946,0.745945946,"{""geodesic"":true,""type"":""Point"",""coordinates"":[-145.7885278,66.7845]}"
LC08_069014_20160610_5,6/10/16,1.444444444,0.858974359,0.747,-0.00605406,41166.73264,-0.0018,Sands of Time,4,-147.544,0.181818182,1.230769231,1.205128205,"{""geodesic"":true,""type"":""Point"",""coordinates"":[-147.544,66.0339167]}"
LC08_069014_20160610_23,6/10/16,1.333333333,0.985714286,4.229,-0.0062118,41166.6875,-0.0035,Twin Lake,22,-147.493,0.142857143,1.5,1.285714286,"{""geodesic"":true,""type"":""Point"",""coordinates"":[-147.493,66.1859722]}"
LC08_069014_20160610_24,6/10/16,1.173913043,1.220779221,0.557,-0.00807372,41166.64583,-0.0064,Shack Lake,23,-148.114,0.08,1.831168831,1.519480519,"{""geodesic"":true,""type"":""Point"",""coordinates"":[-148.114,66.29375]}"
LC08_069014_20160610_19,6/10/16,0.514705882,0.366336634,1.292,-0.00906315,40711,-0.0016,YF14,18,-146.948035,-0.32038835,1.158415842,1.03960396,"{""geodesic"":true,""type"":""Point"",""coordinates"":[-146.948035,66.227703]}"
LC08_069014_20160610_7,6/10/16,0.408450704,0.284552846,2.832,-0.00902245,40710,9.00E-04,Canvasback Lake,6,-146.358557,-0.42,0.926829268,0.861788618,"{""geodesic"":true,""type"":""Point"",""coordinates"":[-146.358557,66.384025]}"
LC08_069014_20160610_12,6/10/16,0.293413174,-0.161702128,1.746,-0.0140091,40711,0.0108,YF17,11,-146.267024,-0.546296296,0.540425532,0.54893617,"{""geodesic"":true,""type"":""Point"",""coordinates"":[-146.267024,66.320636]}"
LC08_069014_20160610_2,6/10/16,0.381443299,0.09929078,0.155,-0.00991236,40707,0.0034,Lake_1-46-3,1,-146.774584,-0.447761194,0.758865248,0.787234043,"{""geodesic"":true,""type"":""Point"",""coordinates"":[-146.774584,66.204813]}"
LC08_069014_20160610_14,6/10/16,1.365853659,0.69047619,0.288,-0.00673492,40707,-0.0012,Lake_1-46-2,13,-146.790458,0.154639175,1.142857143,1.178571429,"{""geodesic"":true,""type"":""Point"",""coordinates"":[-146.790458,66.195409]}"
LC08_069014_20160610_3,6/10/16,0.961538462,0.8125,0.781,-0.00547896,40711,-0.0021,Abraham Lake,2,-146.719589,-0.019607843,1.328125,1.21875,"{""geodesic"":true,""type"":""Point"",""coordinates"":[-146.719589,66.188766]}"
LC08_069014_20160610_15,6/10/16,0.320987654,0.150793651,3.331,-0.00838328,40345,0.0035,Ninemile Lake,14,-146.660943,-0.514018692,0.722222222,0.793650794,"{""geodesic"":true,""type"":""Point"",""coordinates"":[-146.660943,66.185801]}"
LC08_069014_20160610_9,6/10/16,0.714285714,0.533333333,4.555,-0.0069722,40710,-0.0017,Scoter Lake,8,-146.411736,-0.166666667,1.188888889,0.922222222,"{""geodesic"":true,""type"":""Point"",""coordinates"":[-146.411736,66.235088]}"
LC08_069014_20160610_6,6/10/16,1.395348837,0.282442748,0.734,-0.00998145,40710,0.0012,Boot Lake,5,-146.27048,0.165048544,0.908396947,0.938931298,"{""geodesic"":true,""type"":""Point"",""coordinates"":[-146.27048,66.07318]}"
LC08_069014_20160610_20,6/10/16,0.717948718,0.309859155,0.988,-0.00438681,41167.44097,0.0021,Thumb Lake,19,-146.144,-0.164179104,0.704225352,0.85915493,"{""geodesic"":true,""type"":""Point"",""coordinates"":[-146.144,66.17525]}"
LC08_069014_20160610_16,6/10/16,1.768211921,0.205128205,0.501,-0.01667335,41167.5625,-1.00E-04,West Crazy Lake,15,-146.596,0.277511962,1.005128205,0.979487179,"{""geodesic"":true,""type"":""Point"",""coordinates"":[-146.596,65.9286111]}"
LC08_069014_20160610_4,6/10/16,1.315508021,0.261029412,0.967,-0.02170152,40342,0,Greenpepper Lake,3,-146.731136,0.136258661,1,0.948529412,"{""geodesic"":true,""type"":""Point"",""coordinates"":[-146.731136,66.095279]}"
LC08_069014_20160626_5,6/26/16,0.882352941,1.023255814,0.747,-0.01926372,41166.73264,-0.0142,Sands of Time,4,-147.544,-0.0625,1.825581395,1.51744186,"{""geodesic"":true,""type"":""Point"",""coordinates"":[-147.544,66.0339167]}"
LC08_069014_20160626_23,6/26/16,0.058823529,2.071428571,4.229,7.98E-04,41166.6875,0.0013,Twin Lake,22,-147.493,-0.888888889,0.071428571,0.857142857,"{""geodesic"":true,""type"":""Point"",""coordinates"":[-147.493,66.1859722]}"
LC08_069014_20160626_24,6/26/16,1.653846154,1.241758242,0.557,-0.00986709,41166.64583,-0.0084,Shack Lake,23,-148.114,0.246376812,1.923076923,1.527472527,"{""geodesic"":true,""type"":""Point"",""coordinates"":[-148.114,66.29375]}"
LC08_069014_20160626_7,6/26/16,0.8,0.605263158,2.832,-0.00845278,40710,-0.0014,Canvasback Lake,6,-146.358557,-0.111111111,1.122807018,1,"{""geodesic"":true,""type"":""Point"",""coordinates"":[-146.358557,66.384025]}"
LC08_069014_20160626_12,6/26/16,0.948051948,0.008888889,1.746,-0.014516,40711,0.0075,YF17,11,-146.267024,-0.026666667,0.666666667,0.693333333,"{""geodesic"":true,""type"":""Point"",""coordinates"":[-146.267024,66.320636]}"
LC08_069014_20160626_9,6/26/16,0.567567568,0.625,4.555,-0.00719712,40710,-6.00E-04,Scoter Lake,8,-146.411736,-0.275862069,1.057692308,0.980769231,"{""geodesic"":true,""type"":""Point"",""coordinates"":[-146.411736,66.235088]}"
LC08_069014_20160626_20,6/26/16,0.362204724,-0.051948052,0.988,-0.0118727,41167.44097,0.0036,Thumb Lake,19,-146.144,-0.468208092,0.766233766,0.772727273,"{""geodesic"":true,""type"":""Point"",""coordinates"":[-146.144,66.17525]}"
LC08_069014_20160712_5,7/12/16,1.5,0.831460674,0.747,-0.00957645,41166.73264,-0.0064,Sands of Time,4,-147.544,0.2,1.719101124,1.303370787,"{""geodesic"":true,""type"":""Point"",""coordinates"":[-147.544,66.0339167]}"
LC08_069014_20160712_23,7/12/16,0.675675676,0.987804878,4.229,-0.0090983,41166.6875,-0.0066,Twin Lake,22,-147.493,-0.193548387,1.804878049,1.43902439,"{""geodesic"":true,""type"":""Point"",""coordinates"":[-147.493,66.1859722]}"
LC08_069014_20160712_24,7/12/16,1.4,1.21978022,0.557,-0.01089798,41166.64583,-0.0096,Shack Lake,23,-148.114,0.166666667,2.054945055,1.604395604,"{""geodesic"":true,""type"":""Point"",""coordinates"":[-148.114,66.29375]}"
LC08_069014_20160712_19,7/12/16,0.424657534,0.467213115,1.292,-0.01102428,40711,-0.0031,YF14,18,-146.948035,-0.403846154,1.254098361,1.06557377,"{""geodesic"":true,""type"":""Point"",""coordinates"":[-146.948035,66.227703]}"
LC08_069014_20160712_7,7/12/16,0.784313725,0.645454545,2.832,-0.0095355,40710,-0.0034,Canvasback Lake,6,-146.358557,-0.120879121,1.309090909,1.109090909,"{""geodesic"":true,""type"":""Point"",""coordinates"":[-146.358557,66.384025]}"
LC08_069014_20160712_2,7/12/16,0.47311828,0.31875,0.155,-0.0116644,40707,0.0012,Lake_1-46-3,1,-146.774584,-0.357664234,0.925,0.9,"{""geodesic"":true,""type"":""Point"",""coordinates"":[-146.774584,66.204813]}"
LC08_069014_20160712_14,7/12/16,0.765957447,0.660194175,0.288,-0.0088146,40707,-0.003,Lake_1-46-2,13,-146.790458,-0.13253012,1.291262136,1.116504854,"{""geodesic"":true,""type"":""Point"",""coordinates"":[-146.790458,66.195409]}"
LC08_069014_20160712_3,7/12/16,1,0.715909091,0.781,-0.00869424,40711,-0.0042,Abraham Lake,2,-146.719589,0,1.477272727,1.25,"{""geodesic"":true,""type"":""Point"",""coordinates"":[-146.719589,66.188766]}"
LC08_069014_20160712_15,7/12/16,0.353846154,0.109090909,3.331,-0.0137186,40345,0.0063,Ninemile Lake,14,-146.660943,-0.477272727,0.713636364,0.7,"{""geodesic"":true,""type"":""Point"",""coordinates"":[-146.660943,66.185801]}"
LC08_069014_20160712_9,7/12/16,0.764705882,0.631147541,4.555,-0.00985356,40710,-0.0029,Scoter Lake,8,-146.411736,-0.133333333,1.237704918,1.049180328,"{""geodesic"":true,""type"":""Point"",""coordinates"":[-146.411736,66.235088]}"
LC08_069014_20160712_6,7/12/16,1.195121951,0.725274725,0.734,-0.00770713,40710,-0.0025,Boot Lake,5,-146.27048,0.088888889,1.274725275,1.175824176,"{""geodesic"":true,""type"":""Point"",""coordinates"":[-146.27048,66.07318]}"
LC08_069014_20160712_20,7/12/16,0.402777778,-0.093567251,0.988,-0.01356949,41167.44097,0.0034,Thumb Lake,19,-146.144,-0.425742574,0.801169591,0.748538012,"{""geodesic"":true,""type"":""Point"",""coordinates"":[-146.144,66.17525]}"
LC08_069014_20160712_16,7/12/16,2.285714286,0.921052632,0.501,-0.00753372,41167.5625,-0.0049,West Crazy Lake,15,-146.596,0.391304348,1.644736842,1.289473684,"{""geodesic"":true,""type"":""Point"",""coordinates"":[-146.596,65.9286111]}"
LC08_069014_20160712_4,7/12/16,0.815789474,0.676258993,0.967,-0.00865258,40342,-1.00E-04,Greenpepper Lake,3,-146.731136,-0.101449275,1.007194245,0.949640288,"{""geodesic"":true,""type"":""Point"",""coordinates"":[-146.731136,66.095279]}"
LC08_069014_20160813_23,8/13/16,1.016806723,0.766467066,4.229,-0.02054025,41166.6875,-0.0139,Twin Lake,22,-147.493,0.008333333,1.832335329,1.479041916,"{""geodesic"":true,""type"":""Point"",""coordinates"":[-147.493,66.1859722]}"
LC08_069014_20160813_19,8/13/16,0.466666667,0.532258065,1.292,-0.01219,40711,-0.0051,YF14,18,-146.948035,-0.363636364,1.411290323,1.137096774,"{""geodesic"":true,""type"":""Point"",""coordinates"":[-146.948035,66.227703]}"
LC08_069014_20160813_7,8/13/16,1.989583333,0.208333333,2.832,-0.0219436,40710,-0.0029,Canvasback Lake,6,-146.358557,0.331010453,1.120833333,1.008333333,"{""geodesic"":true,""type"":""Point"",""coordinates"":[-146.358557,66.384025]}"
LC08_069014_20160813_2,8/13/16,0.422680412,0.367088608,0.155,-0.0128313,40707,-0.001,Lake_1-46-3,1,-146.774584,-0.405797101,1.063291139,0.981012658,"{""geodesic"":true,""type"":""Point"",""coordinates"":[-146.774584,66.204813]}"
LC08_069014_20160813_14,8/13/16,0.505263158,0.27972028,0.288,-0.01170537,40707,-3.00E-04,Lake_1-46-2,13,-146.790458,-0.328671329,1.020979021,0.944055944,"{""geodesic"":true,""type"":""Point"",""coordinates"":[-146.790458,66.195409]}"
LC08_069014_20160813_3,8/13/16,0.835443038,0.547008547,0.781,-0.01181686,40711,-0.0046,Abraham Lake,2,-146.719589,-0.089655172,1.393162393,1.222222222,"{""geodesic"":true,""type"":""Point"",""coordinates"":[-146.719589,66.188766]}"
LC08_069014_20160813_15,8/13/16,0.44198895,0.122112211,3.331,-0.01916376,40345,0.0076,Ninemile Lake,14,-146.660943,-0.38697318,0.749174917,0.719471947,"{""geodesic"":true,""type"":""Point"",""coordinates"":[-146.660943,66.185801]}"
LC08_069014_20160813_20,8/13/16,1.003115265,0.076294278,0.988,-0.0315044,41167.44097,8.00E-04,Thumb Lake,19,-146.144,0.00155521,0.978201635,0.950953678,"{""geodesic"":true,""type"":""Point"",""coordinates"":[-146.144,66.17525]}"
LC08_069014_20160813_16,8/13/16,1.806451613,0.556603774,0.501,-0.01008164,41167.5625,-0.0038,West Crazy Lake,15,-146.596,0.287356322,1.358490566,1.141509434,"{""geodesic"":true,""type"":""Point"",""coordinates"":[-146.596,65.9286111]}"
LC08_069014_20160813_4,8/13/16,0.62962963,0.472826087,0.967,-0.01204,40342,0.0015,Greenpepper Lake,3,-146.731136,-0.227272727,0.918478261,0.913043478,"{""geodesic"":true,""type"":""Point"",""coordinates"":[-146.731136,66.095279]}"
LC08_069014_20160829_5,8/29/16,1.47107438,0.28807947,0.747,-0.02879874,41166.73264,-0.0069,Sands of Time,4,-147.544,0.190635452,1.228476821,1.089403974,"{""geodesic"":true,""type"":""Point"",""coordinates"":[-147.544,66.0339167]}"
LC08_069014_20160829_23,8/29/16,1.959183673,0.468421053,4.229,-0.020202,41166.6875,-0.0083,Twin Lake,22,-147.493,0.324137931,1.436842105,1.242105263,"{""geodesic"":true,""type"":""Point"",""coordinates"":[-147.493,66.1859722]}"
LC08_069014_20160829_24,8/29/16,1.125,1.09009009,0.557,-0.01315141,41166.64583,-0.0102,Shack Lake,23,-148.114,0.058823529,1.918918919,1.594594595,"{""geodesic"":true,""type"":""Point"",""coordinates"":[-148.114,66.29375]}"
LC08_069014_20160829_19,8/29/16,0.547619048,0.817204301,1.292,-0.00961772,40711,-0.0061,YF14,18,-146.948035,-0.292307692,1.655913978,1.268817204,"{""geodesic"":true,""type"":""Point"",""coordinates"":[-146.948035,66.227703]}"
LC08_069014_20160829_2,8/29/16,0.322916667,0.363636364,0.155,-0.012115,40707,0,Lake_1-46-3,1,-146.774584,-0.511811024,1,0.987012987,"{""geodesic"":true,""type"":""Point"",""coordinates"":[-146.774584,66.204813]}"
LC08_069014_20160829_14,8/29/16,0.197802198,0.226277372,0.288,-0.01050408,40707,0.0012,Lake_1-46-2,13,-146.790458,-0.669724771,0.912408759,0.890510949,"{""geodesic"":true,""type"":""Point"",""coordinates"":[-146.790458,66.195409]}"
LC08_069014_20160829_3,8/29/16,0.826086957,0.768292683,0.781,-0.00821306,40711,-0.0039,Abraham Lake,2,-146.719589,-0.095238095,1.475609756,1.329268293,"{""geodesic"":true,""type"":""Point"",""coordinates"":[-146.719589,66.188766]}"
LC08_069014_20160829_15,8/29/16,0.445454545,0.153846154,3.331,-0.01265088,40345,0.0054,Ninemile Lake,14,-146.660943,-0.383647799,0.740384615,0.682692308,"{""geodesic"":true,""type"":""Point"",""coordinates"":[-146.660943,66.185801]}"
LC08_069014_20160829_9,8/29/16,0.850340136,0.274774775,4.555,-0.01849086,40710,-0.0018,Scoter Lake,8,-146.411736,-0.080882353,1.081081081,0.936936937,"{""geodesic"":true,""type"":""Point"",""coordinates"":[-146.411736,66.235088]}"
LC08_069014_20160829_16,8/29/16,1,1.115384615,0.501,-0.00504696,41167.5625,-0.0034,West Crazy Lake,15,-146.596,0,1.653846154,1.423076923,"{""geodesic"":true,""type"":""Point"",""coordinates"":[-146.596,65.9286111]}"
LC08_069014_20160829_4,8/29/16,0.916666667,0.154716981,0.967,-0.01756685,40342,0.005,Greenpepper Lake,3,-146.731136,-0.043478261,0.811320755,0.743396226,"{""geodesic"":true,""type"":""Point"",""coordinates"":[-146.731136,66.095279]}"
LC08_070013_20160617_23,6/17/16,1.581920904,0.152073733,4.229,-0.01932332,41166.6875,-0.001,Twin Lake,22,-147.493,0.225382932,1.046082949,0.967741935,"{""geodesic"":true,""type"":""Point"",""coordinates"":[-147.493,66.1859722]}"
LC08_070013_20160617_24,6/17/16,1.570048309,0.266159696,0.557,-0.02377974,41166.64583,-0.0032,Shack Lake,23,-148.114,0.221804511,1.121673004,1.053231939,"{""geodesic"":true,""type"":""Point"",""coordinates"":[-148.114,66.29375]}"
LC08_070013_20160617_19,6/17/16,1.15,-0.050505051,1.292,-0.01709512,40711,0.0022,YF14,18,-146.948035,0.069767442,0.888888889,0.858585859,"{""geodesic"":true,""type"":""Point"",""coordinates"":[-146.948035,66.227703]}"
LC08_070013_20160617_17,6/17/16,0.389534884,-0.370165746,0.593,-0.01257759,40710,0.0092,YF20,16,-145.774929,-0.439330544,0.491712707,0.580110497,"{""geodesic"":true,""type"":""Point"",""coordinates"":[-145.774929,66.637751]}"
LC08_070013_20160617_10,6/17/16,0.596491228,-0.131782946,0.68,-0.00954716,40707,0.0047,YF03,9,-145.691556,-0.252747253,0.635658915,0.751937984,"{""geodesic"":true,""type"":""Point"",""coordinates"":[-145.691556,66.65232]}"
LC08_070013_20160617_13,6/17/16,0.773333333,-0.010869565,0.79,-0.00672396,41165.45139,0.003,YF09,12,-145.7015556,-0.127819549,0.673913043,0.804347826,"{""geodesic"":true,""type"":""Point"",""coordinates"":[-145.7015556,66.707]}"
LC08_070013_20160617_22,6/17/16,0.964285714,0.06097561,3.413,-0.00536062,40710,0.0029,Twelvemile Lake,21,-145.54564,-0.018181818,0.646341463,0.743902439,"{""geodesic"":true,""type"":""Point"",""coordinates"":[-145.54564,66.44966]}"
LC08_070013_20160617_21,6/17/16,0.945454545,0.013333333,1.17,-0.0048265,41167.39583,0.0032,Buddy Lake,20,-145.44285,-0.028037383,0.573333333,0.746666667,"{""geodesic"":true,""type"":""Point"",""coordinates"":[-145.44285,66.43065]}"
LC08_070013_20160617_25,6/17/16,0.567010309,-0.04964539,1.164,-0.00811453,40711,0.0071,YF02,24,-145.866087,-0.276315789,0.496453901,0.638297872,"{""geodesic"":true,""type"":""Point"",""coordinates"":[-145.866087,66.538895]}"
LC08_070013_20160617_8,6/17/16,1.082474227,-0.01369863,0.268,-0.00864012,40707,0.0065,YF04,7,-146.186808,0.03960396,0.554794521,0.650684932,"{""geodesic"":true,""type"":""Point"",""coordinates"":[-146.186808,66.501153]}"
LC08_070013_20160617_7,6/17/16,0.757894737,-0.025423729,2.832,-0.00922698,40710,0.0024,Canvasback Lake,6,-146.358557,-0.137724551,0.796610169,0.779661017,"{""geodesic"":true,""type"":""Point"",""coordinates"":[-146.358557,66.384025]}"
LC08_070013_20160617_12,6/17/16,0.62173913,-0.341549296,1.746,-0.01612872,40711,0.0172,YF17,11,-146.267024,-0.233243968,0.394366197,0.468309859,"{""geodesic"":true,""type"":""Point"",""coordinates"":[-146.267024,66.320636]}"
LC08_070013_20160617_2,6/17/16,1.137055838,-0.029787234,0.155,-0.01758285,40707,0.0063,Lake_1-46-3,1,-146.774584,0.064133017,0.731914894,0.808510638,"{""geodesic"":true,""type"":""Point"",""coordinates"":[-146.774584,66.204813]}"
LC08_070013_20160617_14,6/17/16,1.484210526,0.138211382,0.288,-0.01004662,40707,0.0012,Lake_1-46-2,13,-146.790458,0.194915254,0.902439024,0.910569106,"{""geodesic"":true,""type"":""Point"",""coordinates"":[-146.790458,66.195409]}"
LC08_070013_20160617_3,6/17/16,1.379310345,0.128571429,0.781,-0.0124902,40711,-1.00E-04,Abraham Lake,2,-146.719589,0.15942029,1.007142857,0.957142857,"{""geodesic"":true,""type"":""Point"",""coordinates"":[-146.719589,66.188766]}"
LC08_070013_20160617_15,6/17/16,0.831325301,-0.097087379,3.331,-0.01433406,40345,0.0073,Ninemile Lake,14,-146.660943,-0.092105263,0.645631068,0.708737864,"{""geodesic"":true,""type"":""Point"",""coordinates"":[-146.660943,66.185801]}"
LC08_070013_20160617_9,6/17/16,1.08974359,0.117647059,4.555,-0.00839532,40710,0.0025,Scoter Lake,8,-146.411736,0.042944785,0.789915966,0.773109244,"{""geodesic"":true,""type"":""Point"",""coordinates"":[-146.411736,66.235088]}"
LC08_070013_20160617_6,6/17/16,1.184210526,0.076923077,0.734,-0.0078336,40710,0.002,Boot Lake,5,-146.27048,0.084337349,0.807692308,0.807692308,"{""geodesic"":true,""type"":""Point"",""coordinates"":[-146.27048,66.07318]}"
LC08_070013_20160617_20,6/17/16,0.826530612,-0.211009174,0.988,-0.00860816,41167.44097,0.0031,Thumb Lake,19,-146.144,-0.094972067,0.71559633,0.688073394,"{""geodesic"":true,""type"":""Point"",""coordinates"":[-146.144,66.17525]}"
LC08_070013_20160617_4,6/17/16,1.403508772,0.222222222,0.967,-0.0125802,40342,0.0033,Greenpepper Lake,3,-146.731136,0.167883212,0.816666667,0.855555556,"{""geodesic"":true,""type"":""Point"",""coordinates"":[-146.731136,66.095279]}"
LC08_070013_20160617_18,6/17/16,0.950819672,0.08974359,1.627,-0.00694002,40711,-2.00E-04,YF08,17,-145.558603,-0.025210084,1.025641026,0.871794872,"{""geodesic"":true,""type"":""Point"",""coordinates"":[-145.558603,66.703426]}"
LC08_070013_20160617_11,6/17/16,0.768292683,-0.009803922,1.625,-0.00749394,41165.40625,0.0031,YF18,10,-145.7885278,-0.131034483,0.696078431,0.794117647,"{""geodesic"":true,""type"":""Point"",""coordinates"":[-145.7885278,66.7845]}"
LC08_070013_20160719_19,7/19/16,0.588235294,0.297297297,1.292,-0.00884909,40711,-2.00E-04,YF14,18,-146.948035,-0.259259259,1.018018018,0.90990991,"{""geodesic"":true,""type"":""Point"",""coordinates"":[-146.948035,66.227703]}"
LC08_070013_20160719_13,7/19/16,0.312883436,0.22972973,0.79,-0.01901644,41165.45139,-0.0013,YF09,12,-145.7015556,-0.523364486,1.058558559,0.963963964,"{""geodesic"":true,""type"":""Point"",""coordinates"":[-145.7015556,66.707]}"
LC08_070013_20160719_7,7/19/16,0.878787879,0.193370166,2.832,-0.01479433,40710,6.00E-04,Canvasback Lake,6,-146.358557,-0.064516129,0.966850829,0.922651934,"{""geodesic"":true,""type"":""Point"",""coordinates"":[-146.358557,66.384025]}"
LC08_070013_20160719_6,7/19/16,0.779220779,0.515873016,0.734,-0.012185,40710,-0.0047,Boot Lake,5,-146.27048,-0.124087591,1.373015873,1.126984127,"{""geodesic"":true,""type"":""Point"",""coordinates"":[-146.27048,66.07318]}"
LC08_070013_20160719_11,7/19/16,1.076923077,0.493333333,1.625,-0.005713,41165.40625,-2.00E-04,YF18,10,-145.7885278,0.037037037,1.026666667,1.013333333,"{""geodesic"":true,""type"":""Point"",""coordinates"":[-145.7885278,66.7845]}"
LC08_070013_20160905_24,9/5/16,0.742857143,0.696428571,0.557,-0.01119352,41166.64583,-0.0047,Shack Lake,23,-148.114,-0.147540984,1.419642857,1.321428571,"{""geodesic"":true,""type"":""Point"",""coordinates"":[-148.114,66.29375]}"
LC08_070013_20160905_19,9/5/16,0.636363636,0.373333333,1.292,-0.006107,40711,-5.00E-04,YF14,18,-146.948035,-0.222222222,1.066666667,0.96,"{""geodesic"":true,""type"":""Point"",""coordinates"":[-146.948035,66.227703]}"
LC08_070013_20160905_17,9/5/16,0.3125,-0.272108844,0.593,-0.00766774,40710,0.0101,YF20,16,-145.774929,-0.523809524,0.31292517,0.489795918,"{""geodesic"":true,""type"":""Point"",""coordinates"":[-145.774929,66.637751]}"
LC08_070013_20160905_10,9/5/16,0.344827586,-0.124031008,0.68,-0.00662456,40707,0.008,YF03,9,-145.691556,-0.487179487,0.379844961,0.550387597,"{""geodesic"":true,""type"":""Point"",""coordinates"":[-145.691556,66.65232]}"
LC08_070013_20160905_13,9/5/16,0.6,-0.075949367,0.79,-0.00329707,41165.45139,0.0062,YF09,12,-145.7015556,-0.25,0.215189873,0.556962025,"{""geodesic"":true,""type"":""Point"",""coordinates"":[-145.7015556,66.707]}"
LC08_070013_20160905_22,9/5/16,0.395061728,-0.263636364,3.413,-0.0058191,40710,0.0072,Twelvemile Lake,21,-145.54564,-0.433628319,0.345454545,0.472727273,"{""geodesic"":true,""type"":""Point"",""coordinates"":[-145.54564,66.44966]}"
LC08_070013_20160905_21,9/5/16,0.5,0.01369863,1.17,-0.00384306,41167.39583,0.0041,Buddy Lake,20,-145.44285,-0.333333333,0.438356164,0.643835616,"{""geodesic"":true,""type"":""Point"",""coordinates"":[-145.44285,66.43065]}"
LC08_070013_20160905_25,9/5/16,0.284153005,-0.380952381,1.164,-0.01082544,40711,0.0207,YF02,24,-145.866087,-0.557446809,0.178571429,0.345238095,"{""geodesic"":true,""type"":""Point"",""coordinates"":[-145.866087,66.538895]}"
LC08_070013_20160905_8,9/5/16,1.153846154,-0.051282051,0.268,-0.00433136,40707,0.0042,YF04,7,-146.186808,0.071428571,0.461538462,0.615384615,"{""geodesic"":true,""type"":""Point"",""coordinates"":[-146.186808,66.501153]}"
LC08_070013_20160905_7,9/5/16,0.52,-0.170940171,2.832,-0.00966834,40710,0.0019,Canvasback Lake,6,-146.358557,-0.315789474,0.837606838,0.683760684,"{""geodesic"":true,""type"":""Point"",""coordinates"":[-146.358557,66.384025]}"
LC08_070013_20160905_18,9/5/16,0.559322034,-0.134831461,1.627,-0.004911,40711,0.0048,YF08,17,-145.558603,-0.282608696,0.460674157,0.528089888,"{""geodesic"":true,""type"":""Point"",""coordinates"":[-145.558603,66.703426]}"
LC08_070013_20160905_11,9/5/16,0.484375,-0.318181818,1.625,-0.00422432,41165.40625,0.0066,YF18,10,-145.7885278,-0.347368421,0.25,0.409090909,"{""geodesic"":true,""type"":""Point"",""coordinates"":[-145.7885278,66.7845]}"
LC08_070014_20160617_5,6/17/16,2.101694915,0.175675676,0.747,-0.01868198,41166.73264,8.00E-04,Sands of Time,4,-147.544,0.355191257,0.963963964,0.972972973,"{""geodesic"":true,""type"":""Point"",""coordinates"":[-147.544,66.0339167]}"
LC08_070014_20160617_23,6/17/16,1.658385093,0.177339901,4.229,-0.01794078,41166.6875,-0.001,Twin Lake,22,-147.493,0.247663551,1.049261084,0.97044335,"{""geodesic"":true,""type"":""Point"",""coordinates"":[-147.493,66.1859722]}"
LC08_070014_20160617_24,6/17/16,1.625,0.284,0.557,-0.022515,41166.64583,-0.0032,Shack Lake,23,-148.114,0.238095238,1.128,1.052,"{""geodesic"":true,""type"":""Point"",""coordinates"":[-148.114,66.29375]}"
LC08_070014_20160617_19,6/17/16,1.175757576,-0.054644809,1.292,-0.01565525,40711,0.0023,YF14,18,-146.948035,0.080779944,0.87431694,0.846994536,"{""geodesic"":true,""type"":""Point"",""coordinates"":[-146.948035,66.227703]}"
LC08_070014_20160617_2,6/17/16,1.159340659,-0.027027027,0.155,-0.01629298,40707,0.0063,Lake_1-46-3,1,-146.774584,0.073791349,0.716216216,0.792792793,"{""geodesic"":true,""type"":""Point"",""coordinates"":[-146.774584,66.204813]}"
LC08_070014_20160617_14,6/17/16,1.602564103,0.174311927,0.288,-0.00855925,40707,0.0012,Lake_1-46-2,13,-146.790458,0.231527094,0.889908257,0.889908257,"{""geodesic"":true,""type"":""Point"",""coordinates"":[-146.790458,66.195409]}"
LC08_070014_20160617_3,6/17/16,1.474747475,0.158730159,0.781,-0.01111272,40711,-3.00E-04,Abraham Lake,2,-146.719589,0.191836735,1.023809524,0.944444444,"{""geodesic"":true,""type"":""Point"",""coordinates"":[-146.719589,66.188766]}"
LC08_070014_20160617_15,6/17/16,0.814569536,-0.114583333,3.331,-0.01293352,40345,0.0074,Ninemile Lake,14,-146.660943,-0.102189781,0.614583333,0.671875,"{""geodesic"":true,""type"":""Point"",""coordinates"":[-146.660943,66.185801]}"
LC08_070014_20160617_9,6/17/16,1.147540984,0.161904762,4.555,-0.00670615,40710,0.0029,Scoter Lake,8,-146.411736,0.06870229,0.723809524,0.742857143,"{""geodesic"":true,""type"":""Point"",""coordinates"":[-146.411736,66.235088]}"
LC08_070014_20160617_6,6/17/16,1.271186441,0.098901099,0.734,-0.00628352,40710,0.0022,Boot Lake,5,-146.27048,0.119402985,0.758241758,0.747252747,"{""geodesic"":true,""type"":""Point"",""coordinates"":[-146.27048,66.07318]}"
LC08_070014_20160617_20,6/17/16,0.814814815,-0.210526316,0.988,-0.0070632,41167.44097,0.0032,Thumb Lake,19,-146.144,-0.102040816,0.663157895,0.642105263,"{""geodesic"":true,""type"":""Point"",""coordinates"":[-146.144,66.17525]}"
LC08_070014_20160617_16,6/17/16,2.418604651,0.266666667,0.501,-0.004925,41167.5625,0.0018,West Crazy Lake,15,-146.596,0.414965986,0.76,0.84,"{""geodesic"":true,""type"":""Point"",""coordinates"":[-146.596,65.9286111]}"
LC08_070014_20160617_4,6/17/16,1.505154639,0.253012048,0.967,-0.0111182,40342,0.0033,Greenpepper Lake,3,-146.731136,0.201646091,0.801204819,0.837349398,"{""geodesic"":true,""type"":""Point"",""coordinates"":[-146.731136,66.095279]}"
LC08_070014_20160921_5,9/21/16,0.735294118,0.024193548,0.747,-0.00955696,41166.73264,0.003,Sands of Time,4,-147.544,-0.152542373,0.758064516,0.846774194,"{""geodesic"":true,""type"":""Point"",""coordinates"":[-147.544,66.0339167]}"
LC08_070014_20160921_23,9/21/16,0.937823834,0.230769231,4.229,-0.02188782,41166.6875,-0.0044,Twin Lake,22,-147.493,-0.032085561,1.199095023,1.104072398,"{""geodesic"":true,""type"":""Point"",""coordinates"":[-147.493,66.1859722]}"
LC08_070014_20160921_14,9/21/16,1.623376623,-0.777777778,0.288,-0.0018167,40707,0.013,Lake_1-46-2,13,-146.790458,0.237623762,-0.444444444,0.077777778,"{""geodesic"":true,""type"":""Point"",""coordinates"":[-146.790458,66.195409]}"
LC08_070014_20160921_3,9/21/16,1.025974026,-0.207317073,0.781,-0.0051639,40711,0.0054,Abraham Lake,2,-146.719589,0.012820513,0.341463415,0.731707317,"{""geodesic"":true,""type"":""Point"",""coordinates"":[-146.719589,66.188766]}"
LC08_070014_20160921_20,9/21/16,1.321867322,-0.272076372,0.988,-0.03165471,41167.44097,0.0135,Thumb Lake,19,-146.144,0.138624339,0.677804296,0.69928401,"{""geodesic"":true,""type"":""Point"",""coordinates"":[-146.144,66.17525]}"
LC08_070014_20160921_16,9/21/16,1.308724832,-0.042168675,0.501,-0.01445366,41167.5625,0.0016,West Crazy Lake,15,-146.596,0.13372093,0.903614458,0.855421687,"{""geodesic"":true,""type"":""Point"",""coordinates"":[-146.596,65.9286111]}"
LC08_071013_20160608_24,6/8/16,1.223880597,0.420560748,0.557,-0.00919884,41166.64583,-0.0014,Shack Lake,23,-148.114,0.100671141,1.130841121,1.046728972,"{""geodesic"":true,""type"":""Point"",""coordinates"":[-148.114,66.29375]}"
LC08_071013_20160608_19,6/8/16,0.793103448,0.629464286,1.292,-0.0236412,40711,-0.0126,YF14,18,-146.948035,-0.115384615,1.5625,1.276785714,"{""geodesic"":true,""type"":""Point"",""coordinates"":[-146.948035,66.227703]}"
LC08_071013_20160624_5,6/24/16,2.391304348,0.222222222,0.747,-0.0025766,41166.73264,0.0016,Sands of Time,4,-147.544,0.41025641,0.644444444,0.733333333,"{""geodesic"":true,""type"":""Point"",""coordinates"":[-147.544,66.0339167]}"
LC08_071013_20160624_23,6/24/16,1.216216216,0.163636364,4.229,-0.00430215,41166.6875,5.00E-04,Twin Lake,22,-147.493,0.097560976,0.909090909,0.836363636,"{""geodesic"":true,""type"":""Point"",""coordinates"":[-147.493,66.1859722]}"
LC08_071013_20160624_24,6/24/16,1.466666667,0.571428571,0.557,-0.00435688,41166.64583,-9.00E-04,Shack Lake,23,-148.114,0.189189189,1.183673469,1.183673469,"{""geodesic"":true,""type"":""Point"",""coordinates"":[-148.114,66.29375]}"
LC08_071013_20160624_19,6/24/16,0.461538462,-0.359649123,1.292,-0.00747558,40711,0.0065,YF14,18,-146.948035,-0.368421053,0.429824561,0.552631579,"{""geodesic"":true,""type"":""Point"",""coordinates"":[-146.948035,66.227703]}"
LC08_071013_20160710_19,7/10/16,0.79245283,0.066666667,1.292,-0.0105245,40711,0.0039,YF14,18,-146.948035,-0.115789474,0.74,0.773333333,"{""geodesic"":true,""type"":""Point"",""coordinates"":[-146.948035,66.227703]}"
LC08_071013_20160726_5,7/26/16,1.084210526,0.602739726,0.747,-0.01485324,41166.73264,-0.0065,Sands of Time,4,-147.544,0.04040404,1.445205479,1.253424658,"{""geodesic"":true,""type"":""Point"",""coordinates"":[-147.544,66.0339167]}"
LC08_071013_20160726_24,7/26/16,1.512820513,0.578125,0.557,-0.00582448,41166.64583,-0.0015,Shack Lake,23,-148.114,0.204081633,1.234375,1.1875,"{""geodesic"":true,""type"":""Point"",""coordinates"":[-148.114,66.29375]}"
LC08_071013_20160827_5,8/27/16,1.409090909,-0.641025641,0.747,2.48E-04,41166.73264,0.0066,Sands of Time,4,-147.544,0.169811321,-0.692307692,-0.076923077,"{""geodesic"":true,""type"":""Point"",""coordinates"":[-147.544,66.0339167]}"
LC08_071013_20160827_23,8/27/16,2,-0.066666667,4.229,-6.96E-04,41166.6875,0.0027,Twin Lake,22,-147.493,0.333333333,0.1,0.3,"{""geodesic"":true,""type"":""Point"",""coordinates"":[-147.493,66.1859722]}"
LC08_071013_20160827_19,8/27/16,2,-0.052631579,1.292,2.48E-04,40711,0.0054,YF14,18,-146.948035,0.333333333,-0.421052632,0.236842105,"{""geodesic"":true,""type"":""Point"",""coordinates"":[-146.948035,66.227703]}"
LC08_071014_20160624_5,6/24/16,2.454545455,0.071428571,0.747,-0.00188404,41166.73264,0.0026,Sands of Time,4,-147.544,0.421052632,0.380952381,0.595238095,"{""geodesic"":true,""type"":""Point"",""coordinates"":[-147.544,66.0339167]}"
LC08_071014_20160726_5,7/26/16,1.133333333,0.589928058,0.747,-0.01385385,41166.73264,-0.0056,Sands of Time,4,-147.544,0.0625,1.402877698,1.237410072,"{""geodesic"":true,""type"":""Point"",""coordinates"":[-147.544,66.0339167]}"
LC08_071014_20160827_5,8/27/16,-0.538461538,0,0.747,0.00585,41166.73264,0.0104,Sands of Time,4,-147.544,-3.333333333,0,0,"{""geodesic"":true,""type"":""Point"",""coordinates"":[-147.544,66.0339167]}"